1,https://static.gigabyte.com/StaticFile/Image/Global/f0a5c0827937b55d81bd6b0c105779e3/Product/23277/Png, MONITOR GAMER CURVO 27" GIGABYTE AORUS CV27Q-SA LED QHD 165H
1,https://images.samsung.com/is/image/samsung/latin-odyssey-g5-g55t-lc27g55tqwlxzp-lperspectiveblack-thumb-310956589?$480_480_PNG$, MONITOR GAMER 32" SAMSUNG G5 ODYSSEY CURVO WQHD 165HZ
1,https://www.qloud.ar/SITES/IMG/gaming-point-06-2021/221_13-04-2022-03-04-21-24g-p5-3975-kr_lg_1.png, Placa De Video Evga Rtx 3090 Xc3 Ultra 24gb
1,https://app.contabilium.com/files/explorer/7026/Productos-Servicios/concepto-4617508.png, Placa De Video Gigabyte Nvidia Geforce Rtx 3090 24g Eagle Oc
2,https://motorolaes.vtexassets.com/arquivos/ids/157823-800-auto?width=800&height=auto&aspect=true, MOTO G20
2,https://tienda.movistar.com.ar/media/catalog/product/l/g/lg_q60_negro_1_1_1_1_2.png, LG Q60
2,https://electromega.com.ar/wp-content/uploads/2021/08/Apple-iPhone-12-Pro-Max-PNG-Transparent-Images-Free.png, IPHONE 12 PRO MAX
2,https://media.flixcar.com/f360cdn/Samsung-69374646-uk-galaxy-a51-sm-a515fzkveua-207405973Download-Source-zoom.png, Samsung Galaxy A51
3,https://w7.pngwing.com/pngs/758/243/png-transparent-deep-fryers-mondial-af-16-philips-walita-airfryer-oster-ckstaf631-food-mondial-food-kitchen-appliance-small-appliance-thumbnail.png, Freidora de aire Phlips
3,https://w7.pngwing.com/pngs/920/298/png-transparent-brewed-coffee-cafe-coffeemaker-mr-coffee-coffee-cafe-kitchen-appliance-coffee.png, Cafetera oster
3,https://w7.pngwing.com/pngs/206/316/png-transparent-microwave-ovens-home-appliance-sharp-corporation-kitchen-digital-electronic-products-miscellaneous-kitchen-kitchen-appliance.png, microondas oster
3,https://w7.pngwing.com/pngs/362/501/png-transparent-blender-john-oster-manufacturing-company-sunbeam-products-osterizer-food-processor-mixer-miscellaneous-kitchen-kitchen-appliance.png, Licuadora Oster